age,income,loan_amount,credit_score,employment_years,existing_debt,has_coapplicant,previous_defaults,marital_status,education_level,approved
56,75705,19701,329,2,7140,0,0,single,master,1
69,44418,30910,407,3,0,0,0,single,high_school,1
46,59907,14383,744,5,0,0,0,single,high_school,1
32,63178,14310,737,3,538,0,0,married,phd,1
60,36057,9521,756,6,2372,0,0,divorced,high_school,1
25,51981,500,794,2,4658,0,0,married,high_school,1
38,56857,500,546,5,6648,1,0,single,master,1
56,28635,9466,842,6,0,1,0,single,master,1
36,74558,7932,738,6,0,1,0,divorced,bachelor,1
40,44301,11079,577,3,2259,0,0,married,bachelor,1
28,46567,18635,410,4,15535,1,0,married,master,1
28,27948,7345,684,3,0,0,0,married,bachelor,0
41,30970,18798,490,2,6140,0,0,single,high_school,1
53,8000,7398,789,5,15465,1,0,married,none,1
57,45993,20306,725,4,0,0,0,divorced,bachelor,1
41,90102,12691,704,2,7758,0,0,married,master,1
20,26665,8513,634,0,0,1,0,single,master,1
39,98572,12554,508,0,1468,1,0,single,master,0
19,70457,9652,321,5,0,1,0,single,master,0
41,36475,12905,507,6,0,0,0,married,bachelor,1
61,45491,18065,307,1,24053,0,0,single,high_school,0
47,42568,11302,828,2,10911,1,0,single,bachelor,1
55,75711,9043,465,5,12712,0,0,divorced,bachelor,0
19,54306,3012,795,4,8444,0,0,single,bachelor,1
38,66276,16633,728,3,0,0,1,single,high_school,0
50,51447,14786,462,2,7765,0,0,single,master,1
29,42984,2544,665,0,12511,0,0,single,high_school,1
39,50876,18684,825,4,0,0,1,single,high_school,0
61,37675,2415,538,5,11757,0,0,divorced,bachelor,0
42,18860,20234,371,2,9930,0,0,married,bachelor,0
66,59646,17503,744,3,17964,0,0,married,high_school,0
44,17979,15357,808,7,2076,0,0,single,master,1
59,40161,8984,568,5,0,1,0,married,high_school,1
45,37082,16606,714,3,2469,0,0,single,high_school,1
33,56580,20611,544,1,15049,0,0,single,high_school,0
32,73165,16739,359,3,0,1,0,divorced,bachelor,0
64,66689,6638,305,4,0,0,0,single,master,1
68,57104,14139,706,1,5626,0,0,single,bachelor,1
61,33662,21056,516,3,1902,0,0,married,master,1
69,41698,29593,325,3,5054,1,0,married,high_school,1
20,39073,10358,304,4,11617,1,1,single,high_school,0
54,36535,18863,831,1,1132,1,0,single,bachelor,1
68,37756,21076,689,2,0,1,0,single,high_school,1
24,37276,5501,747,3,19311,0,0,married,master,1
38,36478,26257,445,2,0,0,1,single,bachelor,0
26,62134,3479,687,1,0,0,1,single,phd,0
56,26017,18472,548,1,12726,0,0,married,high_school,1
35,31869,14443,825,3,2309,1,0,married,bachelor,1
21,16499,12445,761,0,4556,0,0,single,bachelor,1
42,70479,32375,312,3,8380,0,1,single,high_school,0
31,30663,9590,683,1,12585,1,0,married,bachelor,1
67,56894,9461,698,1,2666,0,0,married,high_school,1
26,53556,22652,318,7,15640,0,0,single,high_school,0
43,68739,18094,790,3,0,0,0,single,high_school,1
19,41220,22257,718,2,10319,0,0,single,none,0
37,27944,12935,636,4,0,0,0,single,bachelor,0
45,16997,14536,718,4,14606,0,1,married,high_school,0
64,8000,27207,421,0,5994,0,0,single,none,0
24,47904,5312,731,3,290,1,0,married,high_school,1
61,58959,11177,343,3,9640,1,0,married,high_school,1
25,53490,18386,616,7,11252,0,0,married,high_school,1
64,17464,10433,680,3,9493,0,0,single,high_school,1
52,63699,7439,444,2,0,1,0,married,bachelor,1
31,32432,16948,626,4,1612,1,0,single,bachelor,1
34,28676,22686,662,2,4971,0,0,married,bachelor,1
53,32029,10873,349,2,4711,0,0,widowed,bachelor,0
67,46411,10651,364,3,10248,1,1,single,high_school,0
57,18275,6818,654,0,0,0,0,single,bachelor,1
21,44333,9632,463,0,7340,0,0,single,bachelor,0
19,52730,20669,440,3,2970,0,0,married,high_school,1
23,64932,12649,427,4,0,0,0,married,bachelor,1
59,48167,5560,697,6,0,0,1,married,high_school,0
21,20887,14099,762,4,3498,0,0,married,high_school,1
46,47680,20410,486,2,0,1,0,single,bachelor,0
35,25915,7505,489,2,91,0,0,married,high_school,1
43,24877,1371,687,8,0,0,0,married,high_school,1
61,20471,29527,728,4,8729,0,0,married,high_school,1
51,10597,972,583,3,0,1,0,married,high_school,0
27,34791,9128,536,1,3494,0,0,married,high_school,1
53,65320,13857,493,2,15796,0,0,married,bachelor,0
31,85617,9821,586,1,11960,0,0,married,bachelor,1
48,34675,11401,435,3,11316,1,0,married,bachelor,1
65,64550,16615,470,4,1501,0,0,married,high_school,0
32,37898,500,458,0,8801,0,1,married,phd,0
25,15287,1865,500,2,3363,0,0,married,bachelor,1
31,57617,12354,786,5,3627,1,0,married,high_school,1
40,49227,8766,803,5,7868,0,0,single,master,1
57,77724,13035,670,3,821,1,0,single,bachelor,1
38,17376,13821,402,1,15451,1,0,single,bachelor,0
33,95329,500,424,3,3879,1,0,married,high_school,1
62,73651,22189,612,2,9329,0,0,married,high_school,0
35,44677,8014,757,5,15189,1,0,divorced,master,1
64,39625,5076,529,1,12222,0,0,single,bachelor,1
41,32115,13667,496,3,0,0,0,single,bachelor,0
43,46975,12857,722,3,8114,1,0,single,bachelor,1
42,41689,21574,470,4,10955,0,0,single,master,1
62,54248,14175,681,2,11243,0,0,married,high_school,1
58,39701,21265,472,2,0,0,0,single,bachelor,1
46,70469,4495,752,1,401,0,1,married,high_school,1
32,47251,13135,649,0,11962,0,0,married,bachelor,1
62,40377,3082,793,2,0,1,0,married,bachelor,1
18,63437,12781,303,2,2902,1,0,married,high_school,1
42,15795,11086,392,1,16031,0,0,single,bachelor,1
24,51138,10742,305,5,4665,0,0,single,high_school,1
26,45460,10812,587,7,0,1,0,married,high_school,1
41,19605,17891,445,2,0,0,0,married,high_school,1
18,14247,500,723,2,7329,0,0,single,high_school,1
61,63186,4802,756,2,0,0,0,single,high_school,1
25,62330,11675,501,1,3269,0,0,single,high_school,0
41,48106,2571,511,2,7333,0,0,single,bachelor,0
28,75900,12369,305,2,14094,0,0,divorced,bachelor,0
68,52937,11593,675,5,9673,0,0,married,bachelor,1
34,67496,770,746,0,2,0,0,single,high_school,1
25,52566,500,405,3,13249,0,0,married,master,1
52,40035,500,700,2,2903,1,0,married,bachelor,1
52,25964,2235,395,5,0,1,0,single,high_school,1
50,34138,12115,687,3,3796,0,0,divorced,bachelor,1
22,40372,13250,751,5,15067,0,0,married,high_school,1
59,69537,13615,715,6,6157,1,0,married,bachelor,1
56,58859,5777,803,3,5088,0,0,married,high_school,0
58,50946,11854,753,5,16460,1,0,married,high_school,1
45,60660,15178,590,2,0,0,0,single,master,0
24,54493,1856,833,0,0,1,0,married,high_school,1
26,49715,12987,492,6,0,0,0,widowed,high_school,0
25,18024,17252,449,5,7609,0,0,single,master,1
29,65505,8074,814,3,6165,1,0,married,master,0
51,36747,20498,692,6,15799,0,0,married,bachelor,1
50,64594,8261,615,3,6704,0,0,single,high_school,1
65,66334,5120,375,1,2171,0,0,married,high_school,1
40,32939,16455,569,0,5013,1,0,single,bachelor,1
41,62095,28266,524,2,5824,0,0,married,high_school,0
54,38502,12683,829,2,0,0,1,single,high_school,0
52,38609,17079,412,4,23972,0,0,divorced,bachelor,1
61,49635,7930,550,5,8639,0,0,single,high_school,1
57,50121,2067,532,1,6470,0,0,single,none,1
39,45694,13330,382,4,9306,0,0,single,high_school,0
44,20983,14595,424,3,9966,0,0,divorced,high_school,0
52,42814,9137,474,2,4016,0,0,married,high_school,1
18,86013,17048,368,3,581,0,0,married,high_school,1
52,8000,6767,346,2,9196,0,0,married,high_school,1
54,60655,4783,555,3,7700,0,0,married,bachelor,1
64,64028,20485,329,5,0,0,1,single,bachelor,0
31,20550,20523,580,2,14933,1,0,married,high_school,1
20,36550,6925,536,5,7053,0,1,single,bachelor,0
18,26987,25751,547,1,10109,1,0,divorced,high_school,1
22,78371,9703,667,0,14743,0,0,married,high_school,1
43,64854,12678,794,4,5153,0,0,single,high_school,1
31,65726,11323,324,6,7219,0,1,single,bachelor,0
56,47172,16190,789,4,10670,0,0,married,bachelor,1
44,68618,14171,793,3,0,1,0,single,bachelor,0
26,44852,14064,613,5,5378,1,0,single,high_school,1
32,69465,3844,674,2,5879,1,0,single,high_school,1
32,42323,500,324,2,0,0,0,married,bachelor,0
43,32774,21137,633,2,21223,0,1,married,high_school,0
59,77597,7636,654,4,0,0,0,single,bachelor,1
30,44625,11608,415,3,0,1,0,single,bachelor,1
68,28822,14614,347,5,14200,0,0,married,bachelor,0
49,28627,25032,398,2,9993,0,0,married,master,0
56,28682,13291,758,2,0,0,0,single,master,1
66,60200,8842,822,3,9251,0,0,single,bachelor,1
69,43220,7812,704,3,15275,1,0,divorced,bachelor,1
49,86363,11701,513,4,4788,0,0,divorced,high_school,1
21,66351,4725,802,1,23192,0,0,widowed,master,0
47,49628,12231,747,0,0,0,0,married,high_school,1
54,70270,11584,557,1,9857,1,0,single,high_school,0
40,36081,25132,420,4,13166,0,0,single,high_school,1
56,11614,11331,353,3,11239,1,0,single,high_school,0
62,27188,500,630,4,3570,0,0,single,bachelor,0
32,47650,33388,540,1,2967,1,0,divorced,bachelor,0
60,40994,19655,829,5,8109,1,0,married,high_school,1
46,59839,28659,782,3,10710,0,0,married,high_school,1
53,42757,2741,486,4,9217,0,0,single,master,1
30,58465,10225,561,4,12280,0,0,divorced,bachelor,1
49,72017,17395,663,4,0,0,0,married,master,1
24,42701,16291,790,1,3406,1,0,single,high_school,0
68,54993,14456,730,4,0,0,0,married,bachelor,1
39,13414,500,538,3,2297,0,0,single,bachelor,1
45,42770,500,603,2,12107,0,0,single,high_school,1
19,22825,24140,597,5,5756,0,1,married,high_school,0
59,47614,25563,375,4,23248,1,0,married,high_school,0
62,49248,11147,632,3,6354,0,0,single,high_school,1
23,49188,23123,773,4,5418,1,0,single,phd,1
45,36358,3814,582,4,5743,1,0,widowed,high_school,1
45,86372,5645,371,3,535,0,0,married,high_school,1
61,22176,3182,562,1,4595,0,0,married,high_school,1
61,21075,5201,311,2,12895,1,0,single,high_school,0
37,74790,17782,440,0,5798,0,0,single,bachelor,0
47,32323,5101,316,4,0,0,0,single,high_school,1
28,27996,29918,362,1,0,0,0,single,bachelor,0
45,86452,15681,552,5,1849,0,0,single,high_school,1
42,62743,20676,764,1,5517,1,0,single,bachelor,1
56,34300,15920,675,4,13355,0,0,married,bachelor,1
50,48915,21714,819,1,0,0,0,single,master,1
18,80026,5056,389,6,2761,1,0,married,master,1
44,57449,23575,474,4,6010,1,0,single,bachelor,1
69,68151,13128,375,1,0,0,0,married,high_school,1
30,59486,21674,699,3,0,1,0,single,bachelor,1
58,61745,500,370,3,241,0,0,married,bachelor,1
20,45715,13445,479,4,0,1,0,single,master,1
56,45204,13162,423,2,6343,0,0,divorced,high_school,1
23,49807,7046,680,4,3876,0,0,married,high_school,1
25,58220,14505,592,3,1113,1,0,married,bachelor,1
44,39900,24317,494,3,7996,0,0,single,high_school,1
26,47197,6431,527,2,17062,1,0,married,high_school,0
54,39414,19695,730,4,16475,0,0,married,high_school,1
50,47082,2981,735,3,0,1,0,single,bachelor,1
68,22482,28876,760,1,9040,1,1,married,phd,1
59,91908,18277,320,1,3754,0,0,married,bachelor,1
61,31807,25801,363,2,6086,1,0,married,high_school,0
41,38494,17376,464,2,2212,0,0,married,high_school,0
32,30253,15125,326,1,5823,1,0,married,high_school,0
49,56083,18343,610,6,6060,0,0,divorced,bachelor,1
49,41472,10908,584,2,947,1,0,single,bachelor,1
41,27651,500,580,5,0,0,0,married,high_school,1
58,56824,15579,463,7,1859,0,0,married,bachelor,1
69,59250,5956,523,5,6640,0,0,married,bachelor,1
66,43796,3187,445,4,9193,0,0,widowed,high_school,0
66,33055,17090,329,3,10973,1,0,single,high_school,0
69,84439,9767,344,4,1541,0,0,single,phd,1
29,51121,20222,770,1,6987,0,0,single,high_school,1
56,22067,5688,333,2,11738,0,0,single,bachelor,1
19,70453,8233,726,4,13159,0,0,single,high_school,1
20,29596,21202,520,1,4588,0,0,married,bachelor,1
66,94354,14239,833,4,3453,1,0,single,bachelor,1
54,46434,500,666,6,6338,1,1,married,bachelor,0
66,63240,14062,849,3,0,0,0,married,master,1
34,8000,23850,415,1,3645,0,0,single,master,0
66,21885,8171,538,2,10212,0,0,single,bachelor,1
19,69009,16784,634,4,9494,0,0,married,high_school,0
19,50721,5205,740,3,3108,0,0,married,high_school,1
45,81763,10906,447,1,6524,1,0,married,bachelor,0
40,53733,20719,308,7,0,0,0,married,bachelor,1
54,47615,13754,587,2,9924,1,0,divorced,high_school,1
49,75844,22314,687,5,4455,0,0,married,high_school,1
50,63182,15402,349,6,3068,0,0,divorced,bachelor,1
18,41467,29750,816,1,2468,0,0,married,high_school,1
36,25306,500,577,0,4560,0,0,married,bachelor,0
19,8000,10262,599,2,1865,0,0,single,bachelor,0
61,37122,3324,434,3,9607,1,0,divorced,bachelor,1
43,23646,3870,446,5,2233,0,0,married,high_school,0
49,91759,3943,789,0,16151,1,0,married,high_school,0
23,33293,13342,777,0,15256,0,0,single,high_school,1
49,32801,13810,458,3,0,0,0,single,high_school,0
21,17618,15420,683,4,5488,0,0,single,bachelor,1
28,40206,3016,462,3,445,0,0,single,bachelor,1
34,33038,9406,740,4,2713,0,0,single,high_school,1
55,76279,4286,488,3,19017,0,0,married,high_school,0
41,48033,19487,714,5,2847,0,0,single,high_school,1
22,44840,5038,638,6,7522,0,0,single,phd,1
69,42576,10290,480,3,8789,0,0,single,high_school,1
51,59151,16482,587,4,0,0,0,married,master,1
23,36858,7075,486,1,0,0,0,single,master,1
39,57010,17551,437,3,0,1,0,single,bachelor,1
28,74051,24769,429,3,0,0,0,married,bachelor,1
65,53281,13518,493,2,0,1,0,married,high_school,0
33,40505,19213,615,4,8812,0,0,single,bachelor,1
50,27838,500,443,3,19379,1,0,single,high_school,0
26,40048,8568,315,5,6035,0,0,single,master,1
23,55135,13479,601,3,0,1,1,divorced,high_school,0
33,17415,3576,722,3,501,0,0,single,bachelor,1
46,59968,13661,544,2,1788,1,0,married,high_school,1
20,48737,20480,406,0,0,0,0,single,master,0
37,42315,500,387,4,11021,0,0,married,high_school,1
53,33131,2487,428,3,10672,0,0,single,bachelor,0
36,36425,13479,640,2,0,0,0,single,bachelor,1
43,55752,15683,303,4,10076,0,0,married,high_school,0
20,42692,17905,626,6,15688,0,0,single,bachelor,1
36,35979,12887,709,4,18318,0,0,single,master,1
37,53434,15692,605,4,25056,1,0,married,high_school,1
49,54147,19228,524,2,0,0,0,widowed,master,1
24,22515,8684,647,1,24770,1,0,single,bachelor,1
69,55287,7131,620,1,2521,0,0,married,bachelor,1
58,90031,10652,480,1,853,0,0,divorced,high_school,1
50,53453,13596,685,4,7290,1,0,married,bachelor,0
57,14418,6734,407,3,926,1,0,married,master,1
56,48193,8850,830,4,7793,1,0,married,high_school,1
35,12045,15182,709,4,0,0,0,single,bachelor,1
57,102013,13262,595,2,3329,0,0,married,high_school,1
18,85242,10517,470,6,13999,0,0,single,high_school,1
28,33013,500,630,3,4601,0,1,single,bachelor,1
45,8000,11972,792,1,5991,0,0,single,bachelor,1
42,29189,4240,494,3,8327,1,0,single,bachelor,1
67,41742,19865,311,2,13195,1,0,married,high_school,1
40,13286,9530,494,2,0,0,0,married,high_school,0
48,43758,4030,789,3,9092,0,0,married,high_school,1
47,41624,11508,481,3,3123,1,0,single,bachelor,1
59,47253,22166,615,3,6166,0,0,single,master,1
52,49134,17047,329,3,12420,0,0,married,bachelor,1
24,27619,13759,395,6,0,0,0,widowed,high_school,1
33,29639,1391,680,6,0,0,0,single,master,1
43,45821,24973,743,3,0,1,0,single,bachelor,1
65,33642,7027,597,3,1156,0,0,married,bachelor,0
69,61335,19470,660,3,14313,0,0,single,high_school,1
66,45646,9397,673,2,4156,0,0,married,bachelor,1
19,78570,18700,602,3,0,1,0,married,high_school,1
18,59769,22455,720,3,1600,1,0,single,high_school,1
65,64867,17185,545,3,0,0,0,single,none,1
29,47386,18047,536,1,0,0,0,single,high_school,0
22,47833,11212,833,4,7722,0,0,single,high_school,0
54,76164,8528,484,1,0,0,0,married,high_school,1
49,38191,13106,767,4,12788,0,0,married,high_school,1
26,54842,9281,662,2,4502,0,0,married,bachelor,1
58,40208,31738,582,2,5599,0,0,married,high_school,0
52,40165,4061,635,5,3051,0,0,single,bachelor,1
36,23960,20017,461,4,10410,0,0,married,high_school,0
65,31635,16138,459,1,10482,1,0,married,master,1
33,28291,13839,773,1,7345,0,0,married,master,1
20,55699,23839,621,5,8954,0,0,single,high_school,1
37,63724,14387,311,3,3515,1,0,married,bachelor,0
41,43294,6921,723,1,8795,0,0,married,high_school,1
50,49133,14334,372,1,2635,1,0,single,master,0
41,42256,10535,500,5,5016,0,0,single,bachelor,1
69,30406,16026,821,4,3077,0,0,married,high_school,1
28,60521,18505,804,4,1799,1,0,single,high_school,1
66,56746,5127,338,1,176,0,0,married,high_school,1
25,10934,21563,359,0,8274,1,0,divorced,high_school,0
53,39904,9961,620,4,14174,0,0,married,bachelor,1
55,29124,15549,734,2,13198,0,0,married,high_school,0
57,37963,16936,707,4,0,0,0,married,high_school,1
37,32932,14939,685,1,14024,0,0,single,high_school,1
52,44164,11127,377,1,2773,0,0,single,high_school,1
65,39062,8091,493,4,9205,0,1,divorced,high_school,0
42,38679,9848,584,2,0,0,0,married,bachelor,0
52,64933,24521,826,1,5994,0,0,single,high_school,1
42,55029,5073,823,1,7196,1,0,single,bachelor,1
46,32330,6246,455,3,0,0,0,married,high_school,1
35,35000,5895,639,4,9258,1,0,married,high_school,1
63,53852,13086,424,2,14422,0,0,married,bachelor,1
35,53828,500,579,2,3777,0,0,single,high_school,1
19,34132,1172,427,4,14521,1,0,divorced,high_school,0
52,40788,9912,613,3,3672,0,0,married,bachelor,1
33,78243,1698,631,1,10947,0,0,married,bachelor,1
58,34442,2350,449,1,0,0,0,married,high_school,1
53,79394,1758,753,3,21931,0,0,single,bachelor,1
50,64866,5227,335,2,15468,0,1,divorced,bachelor,0
21,76057,17850,719,3,3008,1,0,single,high_school,1
50,33677,19646,321,2,0,0,0,single,high_school,1
31,41966,27352,505,6,7016,1,0,married,high_school,1
38,36915,27059,655,7,0,0,0,married,high_school,1
65,65282,18291,739,4,8114,0,0,married,bachelor,1
37,34782,20221,395,2,7881,0,0,married,master,0
25,58162,13049,463,2,0,1,0,single,master,1
24,57209,16159,447,0,12847,1,0,divorced,high_school,1
20,44135,27549,829,5,10639,0,0,single,high_school,1
34,68376,14970,593,2,11831,0,0,married,bachelor,1
50,46938,21226,494,4,5062,0,0,single,high_school,1
65,60014,4525,779,4,0,0,0,married,bachelor,1
29,36095,6670,422,4,11845,0,0,single,bachelor,0
68,31978,14497,699,5,3107,1,0,married,master,1
39,58161,13199,751,3,0,0,0,married,none,1
39,52755,7041,403,3,14464,1,0,married,high_school,1
63,49380,31259,761,5,19696,0,0,married,master,1
47,38814,13381,695,4,4711,0,0,married,bachelor,1
55,72886,8458,636,3,20114,0,0,married,master,1
55,24901,13213,441,4,5639,1,0,divorced,high_school,1
62,23916,12203,616,3,2337,1,0,single,bachelor,1
68,61959,13502,826,3,587,0,0,single,bachelor,1
25,60482,500,700,4,16460,0,0,single,high_school,0
44,51368,22336,609,3,0,0,0,single,bachelor,0
44,39817,22791,794,1,10147,0,0,single,bachelor,1
51,54044,23763,408,3,1086,0,0,married,high_school,0
38,75975,14603,671,2,1778,1,1,single,high_school,1
47,90280,17300,505,2,12212,0,0,single,bachelor,1
50,15185,5070,342,4,2340,1,0,single,high_school,1
45,37459,18663,544,4,2166,0,0,married,master,1
64,36328,14014,586,1,12930,0,0,married,high_school,0
50,74277,8317,654,7,16182,1,0,single,high_school,1
22,8000,18918,775,3,9513,0,0,married,phd,1
65,54249,19228,382,2,417,1,0,single,master,0
36,40377,12485,409,6,1426,0,0,widowed,high_school,0
21,74486,15507,489,0,5559,0,0,married,bachelor,1
52,72019,3746,550,6,7247,1,0,single,high_school,0
66,51579,21945,590,3,0,1,0,married,high_school,1
34,16565,4809,500,3,10061,0,0,married,high_school,1
61,34670,6357,625,5,5599,0,1,single,high_school,0
45,36641,12499,810,5,0,1,0,married,bachelor,1
47,21124,20916,708,2,0,1,0,single,bachelor,1
46,65783,20912,807,4,1471,0,0,single,phd,1
63,18838,11961,371,3,4490,1,0,single,bachelor,0
23,80376,18184,546,6,18225,0,0,single,high_school,1
52,80331,500,643,1,6667,0,0,single,bachelor,1
58,38069,6245,353,3,0,0,0,divorced,phd,1
54,50913,6408,827,5,6544,0,0,single,bachelor,1
41,43699,22018,831,3,2535,1,0,single,bachelor,1
46,61233,17237,492,2,7273,0,0,married,master,1
66,67944,13477,357,0,9064,1,0,married,high_school,1
63,49644,14254,736,1,13465,0,0,widowed,bachelor,1
48,53444,24547,410,4,4830,1,0,married,master,1
52,33829,10639,428,6,16473,1,0,divorced,master,1
50,52861,1487,625,2,11356,0,0,married,high_school,0
69,47930,20698,307,4,48,0,0,divorced,bachelor,1
38,28588,13455,328,1,20469,0,0,married,bachelor,0
49,44747,19629,411,1,7289,1,0,single,high_school,1
40,38103,11642,430,9,0,1,0,single,bachelor,1
50,34029,5290,487,2,16570,0,0,married,high_school,1
20,24363,15223,774,2,19544,1,0,single,high_school,0
35,46125,12081,663,3,4769,0,0,single,high_school,1
42,30951,13480,503,4,1474,0,0,married,bachelor,1
59,36520,24933,511,2,3793,1,0,divorced,high_school,0
48,64352,3210,575,1,10003,0,0,single,bachelor,1
20,56378,14287,372,2,13945,1,0,married,high_school,1
57,27382,5448,542,1,8993,0,0,married,high_school,1
63,51334,500,401,0,5712,0,0,divorced,high_school,1
41,47390,11608,470,3,15486,0,1,divorced,high_school,0
67,75631,12248,487,2,2810,0,0,married,bachelor,1
49,69897,16988,740,6,12216,1,0,married,bachelor,1
64,17393,10260,385,2,2984,0,0,single,high_school,0
39,60500,500,775,2,8017,0,0,married,high_school,1
40,67774,5421,351,2,4205,0,0,married,bachelor,1
19,55068,22536,410,6,4609,0,0,married,high_school,1
44,38963,5307,342,1,2358,1,0,married,master,1
59,88441,24666,510,4,14414,0,0,single,bachelor,1
19,56725,20400,499,4,0,0,0,married,high_school,1
43,80578,9458,325,2,0,1,1,single,high_school,0
34,69327,6167,598,3,19847,0,0,single,bachelor,1
57,53354,20383,376,0,11845,1,0,single,high_school,0
50,34565,10073,436,3,0,0,0,single,high_school,1
26,44566,500,319,4,1043,0,0,married,high_school,1
60,41006,16499,739,2,0,1,0,single,bachelor,1
65,23139,15338,510,4,0,1,0,single,bachelor,1
56,56705,21102,734,0,0,0,0,divorced,none,0
46,73212,14797,506,2,4041,0,0,single,bachelor,1
59,39631,7607,738,4,0,0,0,single,high_school,1
43,83946,22157,341,4,5419,0,1,single,bachelor,0
52,16964,22936,710,2,0,1,0,single,high_school,1
67,63979,13866,822,3,5580,0,0,single,bachelor,1
42,75087,12483,726,4,2096,0,0,single,phd,1
41,41327,1414,574,4,15514,1,0,married,high_school,1
30,41651,7140,747,3,14879,0,0,single,high_school,1
24,63770,18086,668,3,10497,0,1,single,high_school,1
53,54108,7542,519,3,2714,1,0,married,high_school,1
62,9047,500,531,2,18898,1,1,single,high_school,0
37,29819,39967,627,3,0,0,0,divorced,bachelor,1
18,44756,500,742,4,0,0,0,married,master,0
25,20345,30054,351,5,4414,0,0,single,high_school,1
63,36465,9541,675,5,20778,0,0,married,bachelor,0
33,20796,11323,562,1,3584,0,0,single,bachelor,1
31,38337,6622,566,5,3717,1,0,single,bachelor,1
29,38941,18263,658,4,0,1,0,married,high_school,1
68,51332,500,616,2,11622,1,0,married,high_school,1
40,43348,500,623,2,11672,0,0,married,bachelor,0
32,54050,24881,720,1,10524,1,0,divorced,high_school,0
45,51904,5568,345,3,595,0,0,single,bachelor,1
51,63564,17969,568,5,53,0,0,married,bachelor,1
19,60728,3316,680,1,0,0,0,married,high_school,1
49,58826,17667,417,2,5587,0,0,widowed,high_school,0
40,100888,25468,415,3,0,1,0,married,master,1
39,51253,7783,559,3,0,0,0,divorced,bachelor,1
68,91684,500,374,3,2034,0,0,single,master,1
42,52420,25510,779,3,1576,1,0,married,high_school,1
39,43509,19410,604,5,1234,0,0,single,bachelor,1
39,38283,8211,306,4,8265,1,0,single,bachelor,1
66,72175,10256,665,3,5553,0,0,divorced,master,0
69,74529,3115,822,5,2983,0,1,single,high_school,0
59,55796,23362,647,4,6281,1,0,divorced,high_school,1
23,65404,7722,737,1,0,0,0,single,high_school,1
32,22010,650,514,3,5737,0,0,married,master,1
60,17122,13709,728,3,6054,0,0,single,master,1
54,67434,5120,797,1,0,0,0,single,phd,1
50,42717,3760,839,5,11970,0,0,single,master,1
25,58487,8559,666,3,0,0,1,married,none,0
61,32089,12691,612,2,5632,0,0,single,high_school,1
61,74826,951,837,3,13151,1,0,married,high_school,1
22,17272,23081,353,3,11480,0,0,single,high_school,0
56,20059,17417,840,3,5240,0,0,single,master,1
21,70998,9077,766,1,2463,0,0,single,master,1
23,8000,4773,463,5,11633,1,0,single,high_school,1
62,51814,11286,633,1,9723,1,0,married,bachelor,1
49,43068,19195,846,4,671,1,0,married,master,1
69,31753,17957,647,2,0,1,0,single,high_school,1
47,41401,20468,572,3,0,0,0,married,high_school,1
64,29745,8157,713,4,6078,0,0,married,high_school,1
52,72761,500,799,3,4421,0,0,single,high_school,1
57,77481,21982,392,8,12953,0,0,single,bachelor,1
69,32657,10662,378,2,7513,0,0,married,high_school,0
33,49959,17329,516,2,14340,0,0,single,none,1
30,21149,25354,657,1,118,1,0,single,phd,1
67,64315,31475,806,1,12967,1,0,single,bachelor,1
59,63846,6801,480,5,1298,0,0,married,bachelor,1
47,39685,13072,545,2,10443,1,0,single,master,1
36,45304,22935,543,0,0,0,0,single,high_school,1
34,43312,5246,805,2,6646,0,0,single,high_school,0
36,15868,7343,721,5,0,0,1,single,bachelor,0
45,72828,7296,619,4,3130,0,0,single,high_school,1
43,31195,11775,386,4,8082,0,0,divorced,bachelor,0
54,31317,10239,516,4,1353,1,0,single,high_school,1
43,42292,7250,789,4,0,0,0,married,high_school,1
40,62920,4274,818,1,10923,0,0,single,bachelor,1
26,34357,18496,577,3,4276,0,0,married,high_school,1
29,9861,22703,468,1,1573,0,0,married,bachelor,0
18,29034,23862,629,4,5293,1,0,single,bachelor,1
18,52635,8151,740,4,23457,0,0,married,master,0
64,84416,18830,690,3,13075,1,0,married,bachelor,1
51,22321,13891,795,3,13138,1,0,married,high_school,1
49,21663,7435,680,3,8049,0,0,single,bachelor,1
65,17773,17874,605,4,6165,0,0,widowed,bachelor,1
42,15539,7067,812,2,0,1,0,married,bachelor,1
57,66702,8991,487,3,247,1,1,divorced,master,0
62,71904,986,815,4,1636,0,0,married,bachelor,1
18,48200,8286,726,5,0,1,0,married,high_school,1
33,36581,14031,801,2,0,1,0,married,bachelor,1
56,77241,24551,559,2,0,0,0,married,high_school,1
22,48130,9172,812,1,4732,0,0,divorced,high_school,1
39,64610,3695,370,2,10731,1,0,single,bachelor,1
46,35704,23979,777,4,12747,0,0,married,high_school,1
20,45796,7964,477,2,7903,0,0,single,high_school,1
29,22728,500,756,2,0,0,0,married,none,1
43,56326,13065,488,4,0,0,0,single,bachelor,1
33,48437,9402,590,3,0,0,0,single,high_school,1
68,28898,30403,819,4,0,1,0,divorced,bachelor,1
54,29140,15803,591,1,0,0,1,single,high_school,0
39,74087,10829,582,3,3882,0,0,married,bachelor,1
46,80490,4604,843,6,0,0,0,married,high_school,1
31,41164,14641,676,3,7373,0,0,single,bachelor,1
45,46220,23654,455,1,3374,0,0,single,high_school,1
22,52202,14495,807,3,5074,0,0,married,master,1
64,47665,5221,712,6,12982,0,0,single,master,1
66,14863,16310,827,4,0,0,0,married,master,1
47,52702,11611,654,4,7931,0,0,divorced,master,1
63,8000,15589,486,1,4902,0,0,single,high_school,1
69,31812,9162,330,5,2666,1,0,single,bachelor,1
22,54098,8974,559,0,11197,0,0,married,bachelor,1
29,55800,8658,720,5,11153,0,0,married,bachelor,0
33,30419,19538,828,2,0,1,0,single,master,1
43,36748,9054,603,0,3725,0,1,single,bachelor,0
43,34311,8322,338,3,6968,0,0,married,phd,1
65,43149,4463,788,6,3089,0,0,divorced,high_school,1
38,44518,15632,841,3,9095,0,0,single,master,1
56,57032,14494,577,2,6968,1,0,single,bachelor,1
53,35696,8410,502,2,17828,1,1,divorced,bachelor,0
50,51721,6325,365,2,0,0,0,married,high_school,1
47,54126,27009,407,3,4143,0,0,married,bachelor,1
54,48569,500,567,7,0,0,0,married,master,1
40,40327,15945,521,0,9229,1,0,divorced,high_school,1
27,48252,22331,829,3,0,1,0,married,bachelor,1
22,58531,500,389,3,7424,0,0,married,high_school,0
53,60105,18353,554,4,590,0,0,married,phd,1
51,77677,10238,754,3,0,0,0,married,bachelor,1
69,27180,14048,552,3,0,0,0,single,high_school,1
48,37080,9414,556,3,1744,0,0,single,high_school,1
27,15958,20603,682,3,12592,0,0,married,bachelor,1
36,61758,14905,741,7,4824,0,0,single,high_school,1
49,38979,13054,389,2,9394,1,0,married,bachelor,1
18,48711,4809,689,2,16652,1,0,single,master,1
22,34122,27058,343,3,6846,0,0,married,master,1
62,39119,12079,318,3,1088,0,0,single,high_school,1
21,67017,30318,400,4,8271,1,0,married,phd,0
33,57496,27421,656,2,1190,0,1,married,bachelor,0
41,42993,500,841,3,1469,0,1,single,high_school,0
33,58821,6760,332,3,0,0,0,married,none,1
19,59218,3704,528,3,11484,0,0,single,high_school,0
66,37954,11614,823,2,2298,0,0,single,master,1
45,18557,13497,454,3,6275,0,0,single,high_school,1
49,28815,13839,722,1,0,0,0,single,high_school,0
44,20870,20433,545,5,8052,0,0,widowed,bachelor,1
37,65960,23949,704,4,0,0,0,single,bachelor,1
41,69086,19740,840,3,4008,0,0,married,bachelor,1
29,73555,7513,460,4,11145,1,0,single,bachelor,1
67,8648,5744,416,3,10535,0,0,married,high_school,0
52,64285,12022,570,3,4846,0,1,single,master,0
50,84819,15409,786,4,0,0,0,married,high_school,1
50,65016,10534,471,3,25950,0,0,married,bachelor,1
68,8000,1236,573,4,17221,0,0,married,bachelor,1
60,76829,17456,558,2,10059,1,0,single,high_school,1
54,45750,8861,434,5,0,0,0,married,phd,1
29,40817,8620,721,4,4205,0,0,single,bachelor,0
20,53120,11563,720,2,1196,1,0,single,high_school,1
18,26118,10081,485,3,13847,0,0,single,master,1
50,45050,9068,663,4,6838,0,0,single,bachelor,1
57,74168,1759,677,4,0,0,0,married,bachelor,1
27,56203,11102,822,4,1705,0,0,married,bachelor,1
60,46051,17624,495,5,12848,1,0,single,master,1
61,46613,14117,397,2,16201,0,0,single,high_school,0
46,23735,19585,321,3,15698,0,0,single,high_school,1
30,42300,6172,749,3,10299,1,0,married,high_school,1
29,15583,1776,471,3,3232,0,0,married,high_school,0
48,63404,10033,682,2,0,0,0,single,bachelor,1
63,8000,7086,433,3,7080,0,0,married,high_school,1
19,60388,7917,725,2,4987,0,0,married,high_school,1
68,62629,13694,324,6,5980,1,0,married,none,1
67,68738,7975,802,4,5377,1,0,married,bachelor,1
52,46563,1999,484,2,0,0,0,married,master,1
40,61499,7528,384,1,8902,0,0,married,high_school,0
34,42125,14720,443,4,9426,0,0,single,bachelor,1
43,23639,17372,711,4,9776,0,0,single,high_school,1
25,72553,17291,523,2,11626,0,0,single,bachelor,1
46,43256,15396,519,6,9228,0,0,married,none,1
43,19629,10655,478,3,2130,1,0,married,bachelor,1
27,36597,15239,732,0,4504,1,0,single,bachelor,1
43,37308,11661,564,3,5638,0,0,single,master,0
51,53311,12905,728,1,5754,0,0,married,high_school,0
68,87247,4485,715,2,11988,0,0,married,bachelor,1
58,54404,12351,752,3,9506,1,1,married,bachelor,0
24,48723,15029,496,2,19541,1,0,married,master,1
21,89204,14729,352,3,20445,1,0,married,high_school,0
67,62620,1700,779,3,5558,0,1,single,high_school,0
62,49576,12770,742,2,0,0,0,single,master,1
28,36371,500,629,5,13658,0,0,single,high_school,1
46,50692,13389,550,1,1217,0,0,married,high_school,0
53,43805,6389,422,3,0,0,0,single,high_school,1
42,46646,25645,686,3,2211,0,0,married,master,0
38,68659,12954,638,3,1873,0,0,married,none,0
53,35274,18409,647,4,9286,0,0,single,master,1
27,54244,28887,328,4,0,0,0,married,high_school,1
54,62081,5461,334,1,0,0,0,single,none,0
26,33082,15485,817,4,7402,0,0,single,high_school,1
41,30193,2513,695,2,9361,0,0,married,high_school,1
52,42294,14759,593,1,9491,0,1,single,bachelor,0
66,36691,26126,648,3,0,0,0,married,bachelor,0
52,65742,6977,446,4,0,0,0,married,bachelor,1
65,26968,4912,366,0,1454,1,1,divorced,high_school,0
53,46232,11271,819,4,6679,0,0,married,bachelor,0
35,90829,28367,421,3,15398,0,0,single,master,1
66,52435,18168,639,4,0,0,0,married,bachelor,1
56,55427,4761,474,0,3455,1,0,single,master,1
49,65892,23640,750,2,0,0,0,single,high_school,1
41,36667,500,435,6,0,0,0,single,master,1
40,25534,29092,315,4,11769,0,0,single,high_school,0
49,48177,18852,632,4,8812,1,0,married,none,1
54,49777,26108,494,2,8146,1,1,single,master,0
29,15872,500,795,1,11447,0,0,married,master,1
66,51751,13356,308,2,1642,1,0,single,bachelor,0
30,64257,10929,633,3,1972,1,1,married,high_school,1
40,28567,3944,632,2,20300,0,0,divorced,high_school,1
42,52840,1632,626,4,3274,0,0,single,high_school,1
52,61061,16057,314,3,10146,0,0,married,master,1
58,55560,16782,525,3,5045,1,0,single,high_school,1
47,57258,22400,724,1,0,0,0,single,master,1
34,40594,7973,707,3,0,1,0,married,high_school,1
66,24705,10867,412,4,947,0,0,married,bachelor,1
37,36951,940,727,3,12393,0,0,single,master,1
65,34451,24326,300,2,10518,1,1,single,high_school,1
42,43555,12556,565,2,11399,0,0,single,high_school,1
39,64679,17781,790,4,0,0,0,married,bachelor,1
30,21387,18063,507,1,16311,0,0,married,bachelor,0
36,47597,23673,668,4,0,0,0,married,bachelor,1
66,25859,5349,605,1,6490,0,1,married,bachelor,0
53,31679,17581,311,2,4928,0,0,married,high_school,0
29,55057,11800,644,1,3783,0,1,married,master,0
58,23581,28845,764,1,14370,1,0,married,high_school,0
36,58216,5325,793,2,64,1,0,married,master,1
29,20661,21371,667,4,0,0,0,married,high_school,1
26,57006,14803,719,3,5140,1,1,married,bachelor,0
24,17108,14383,470,4,2201,0,1,married,high_school,0
45,33879,12432,433,2,28642,0,0,divorced,high_school,1
31,79137,22773,726,3,9736,0,0,single,high_school,1
48,75754,14111,324,5,2135,1,0,single,bachelor,1
69,37575,500,829,5,0,1,0,divorced,bachelor,1
36,52019,21756,489,3,0,0,0,single,master,1
64,66673,20290,440,4,0,0,0,married,high_school,1
33,57263,16697,614,4,5805,0,1,single,bachelor,0
22,40078,2972,743,3,14991,0,0,single,bachelor,1
52,31525,4215,618,2,12852,0,0,single,high_school,1
29,60626,500,740,3,6604,0,0,single,high_school,1
42,65353,15683,391,3,2738,1,0,single,bachelor,1
69,75883,1204,478,5,6882,0,1,married,high_school,0
38,14630,500,355,3,1370,1,0,married,high_school,1
53,22444,22200,454,2,17029,0,0,widowed,bachelor,0
40,65915,18145,410,4,3676,0,1,single,high_school,0
33,17072,9335,436,4,4396,1,0,married,bachelor,0
56,67294,10928,531,1,0,1,0,married,master,1
62,41131,500,767,5,3632,0,0,married,bachelor,1
59,35624,19334,780,2,10855,0,0,married,bachelor,1
56,48698,6458,367,1,0,1,0,single,high_school,0
31,20783,14642,548,2,0,0,0,single,master,1
48,59832,500,622,5,10549,0,0,single,high_school,1
22,75413,19821,817,4,0,0,0,single,bachelor,1
52,60670,5977,731,5,12405,1,0,married,phd,1
40,40563,992,786,4,1275,1,0,single,bachelor,1
46,17315,9283,728,1,2280,1,0,married,bachelor,1
60,18007,7229,568,2,0,0,0,divorced,high_school,1
28,21066,20594,836,1,7646,0,0,divorced,high_school,1
35,44779,8637,447,4,22219,0,0,divorced,bachelor,0
64,47041,22901,417,2,10470,1,0,single,high_school,1
29,60632,14641,666,2,0,0,0,married,bachelor,1
26,12671,19155,365,3,12949,0,0,single,high_school,0
27,68602,11983,669,4,2783,0,0,married,master,1
61,57499,22176,474,2,14621,0,0,married,high_school,1
34,39117,2771,794,3,10647,1,1,married,bachelor,0
55,23584,12909,413,4,0,0,0,single,bachelor,1
24,67485,8829,410,2,0,1,0,married,high_school,1
63,39598,23173,738,3,11611,0,0,single,high_school,0
30,44640,23992,446,2,6062,1,0,single,high_school,0
57,51905,12003,334,5,0,1,0,married,high_school,1
59,28562,1668,608,7,565,0,1,single,high_school,1
26,39921,15417,837,4,0,1,0,widowed,high_school,1
67,60576,500,313,2,4381,0,1,single,bachelor,1
44,58754,25009,673,0,20475,1,0,married,high_school,1
19,58916,8215,727,3,10635,1,1,married,phd,0
22,24207,11755,532,3,20333,1,0,married,bachelor,0
46,40742,6552,739,2,11177,0,0,married,high_school,0
54,37865,4786,801,1,12192,0,0,divorced,bachelor,1
55,52653,17898,574,7,18819,0,0,single,master,1
36,51042,10731,375,4,7641,0,0,divorced,high_school,1
25,47798,12340,738,7,3689,1,0,single,bachelor,1
65,89383,3969,588,4,12229,1,0,single,bachelor,1
62,39765,18848,839,2,15177,1,0,single,high_school,1
18,37659,19662,552,2,1640,0,0,married,bachelor,1
39,24179,10329,425,4,0,1,0,married,high_school,0
69,17319,22143,476,2,5972,1,1,married,high_school,0
34,23034,11167,336,5,10820,1,0,married,master,1
24,32064,18238,709,4,10587,0,0,single,bachelor,1
42,68581,500,426,0,0,0,0,divorced,master,1
62,45705,14827,782,0,18381,0,0,single,bachelor,0
21,48480,9828,467,4,512,0,0,married,bachelor,1
53,43267,13244,593,2,3145,0,0,single,master,1
23,51575,12885,642,2,0,1,0,married,high_school,1
48,70237,13006,609,5,23888,0,0,single,bachelor,1
36,9109,16926,827,3,6694,0,0,single,bachelor,0
61,66930,7479,839,4,0,0,0,single,high_school,1
56,8000,16553,718,0,11047,1,1,single,bachelor,0
44,45508,21860,743,2,10384,1,0,single,high_school,1
27,84454,719,535,3,3686,1,0,single,bachelor,1
43,57252,5756,738,3,10884,0,0,married,bachelor,1
36,51715,6092,513,2,0,0,0,married,master,1
56,81035,3264,384,3,1550,1,1,married,high_school,0
20,32345,8202,384,2,0,0,0,married,bachelor,0
62,52811,20265,788,2,0,0,0,married,high_school,1
30,55406,23581,364,4,17653,0,0,married,bachelor,1
67,35597,12849,363,4,16490,0,0,married,bachelor,0
45,37186,9406,642,1,5461,1,0,single,bachelor,1
37,35212,18423,651,4,16641,0,0,married,bachelor,1
45,46572,500,457,1,3879,0,0,single,master,1
25,54840,3559,790,5,3296,0,1,married,high_school,0
58,47218,500,762,1,5396,0,0,married,high_school,1
56,57770,3474,524,4,4126,0,0,single,bachelor,1
18,9555,5864,612,3,3494,0,0,married,bachelor,1
20,41071,23821,765,2,13004,0,0,single,high_school,1
30,26578,500,387,2,6051,0,0,single,bachelor,0
45,50431,8666,602,1,9987,0,0,single,high_school,1
66,50165,16957,734,2,12220,0,0,married,high_school,1
42,42919,15286,434,1,7717,0,1,married,bachelor,0
50,54185,23694,349,3,0,0,0,married,high_school,0
55,62961,13288,731,1,0,1,0,single,high_school,1
23,43911,14994,639,1,6041,0,0,married,high_school,1
61,26069,500,646,2,3801,0,0,married,master,1
62,16537,4094,646,5,5612,0,0,single,master,0
49,45650,500,544,6,4888,1,0,married,bachelor,1
62,49354,16581,408,2,23085,0,0,single,high_school,1
64,27549,14790,832,3,0,0,0,single,master,1
38,58064,14508,389,5,0,1,0,married,bachelor,1
33,36739,4949,595,5,7327,1,0,married,master,1
38,15184,4216,411,0,2365,1,0,single,bachelor,0
28,67616,13676,476,3,7212,0,0,single,high_school,0
54,65592,6645,642,3,9087,0,1,single,bachelor,0
53,8719,3837,400,1,13989,0,0,single,high_school,1
52,34873,7933,700,1,0,1,0,single,high_school,1
36,34171,6714,327,0,1103,0,0,single,bachelor,1
37,74511,5066,836,3,8001,0,0,married,master,1
35,43213,2194,357,2,10393,1,0,single,bachelor,0
64,18074,15590,797,1,20354,1,0,married,high_school,0
58,60878,24448,596,6,11690,1,0,married,high_school,0
66,22846,11688,433,0,4602,1,0,single,high_school,1
31,40314,13779,630,1,0,1,0,single,high_school,1
32,31144,16291,548,3,1050,0,1,married,high_school,0
48,34912,14933,849,2,851,1,0,single,bachelor,1
18,61871,5225,374,2,9587,1,0,single,none,1
20,72384,25759,467,6,6799,0,0,single,phd,1
33,22061,5942,802,3,0,0,0,married,high_school,1
40,56269,17185,654,1,1949,1,0,married,master,1
28,31810,16242,524,3,11143,0,0,widowed,bachelor,0
29,32370,500,830,4,7462,1,0,married,high_school,1
27,53831,9129,445,0,8981,0,0,single,bachelor,1
49,26498,12453,540,2,7680,0,0,single,bachelor,1
33,53471,13065,643,1,16385,0,0,single,bachelor,0
25,58142,14411,334,3,6652,0,0,single,bachelor,1
55,37214,18061,300,5,2298,0,0,single,high_school,1
29,68887,11940,452,4,0,0,0,single,bachelor,1
41,22089,14837,728,2,6747,0,0,single,master,1
45,69217,11640,807,3,0,0,0,single,high_school,1
25,10008,3861,425,3,3710,0,0,single,high_school,0
45,93595,12259,790,5,3559,0,1,divorced,master,0
53,37688,17993,781,1,0,1,1,married,high_school,0
43,24078,20870,644,4,0,0,0,widowed,bachelor,1
25,40812,16299,520,0,10668,0,0,single,bachelor,0
67,26163,22675,324,2,6615,0,0,married,bachelor,0
45,51965,15351,827,2,5713,0,1,single,high_school,0
45,69618,18911,481,1,7144,0,0,single,high_school,0
54,27118,19499,798,4,5648,0,0,single,high_school,1
58,55429,10213,341,5,13700,1,0,divorced,bachelor,0
53,17411,17808,780,2,5864,1,0,widowed,bachelor,1
44,63593,4475,738,4,0,1,0,single,bachelor,1
34,52492,14798,701,4,16411,0,1,single,bachelor,0
26,64371,16616,845,2,7592,0,0,single,high_school,1
50,42798,20409,644,2,875,0,0,single,high_school,0
37,37167,18566,344,3,0,1,0,single,bachelor,1
30,59690,20513,320,3,7771,1,0,single,bachelor,0
45,21455,11205,369,3,4180,0,0,married,high_school,1
65,13629,9237,347,4,16019,0,0,single,high_school,1
46,44911,9801,790,5,2579,0,0,single,high_school,1
30,37987,14130,586,4,0,1,0,single,high_school,1
63,54969,500,309,4,11271,1,0,single,bachelor,1
52,64648,22654,841,2,11477,0,0,widowed,master,1
23,54594,12351,573,2,6181,1,0,single,master,0
35,63214,8680,680,5,9734,0,0,married,master,1
68,50779,500,628,2,4736,1,0,married,master,1
22,53903,11705,778,1,6637,1,0,divorced,bachelor,1
64,42900,10412,314,2,13155,1,0,married,high_school,0
42,53371,4824,815,4,9377,0,0,married,bachelor,1
19,48000,6616,490,2,3815,0,0,married,high_school,1
27,50853,11787,467,4,14467,0,0,single,high_school,0
47,41999,7294,820,1,0,0,0,married,high_school,1
67,59561,16575,436,3,19365,1,0,widowed,bachelor,1
62,32212,6010,453,5,0,0,0,married,high_school,1
22,44670,13237,687,4,610,0,0,divorced,high_school,1
50,68612,21440,508,1,4714,1,0,married,high_school,1
18,27923,11707,571,2,3975,0,0,married,master,0
35,8000,14848,442,2,12045,0,0,married,bachelor,0
49,51596,14341,368,7,0,0,0,married,master,1
64,40375,12064,546,2,6825,0,0,married,high_school,1
66,63196,11464,560,3,953,0,0,divorced,high_school,1
28,42651,7429,378,3,7066,1,0,married,bachelor,1
38,34122,13208,824,6,4547,0,0,married,high_school,1
43,43635,9734,629,2,5651,1,0,married,bachelor,0
42,64675,24369,488,2,1151,0,0,single,bachelor,1
39,55357,18489,394,2,1430,0,0,single,bachelor,1
44,8000,500,307,1,7011,0,0,divorced,master,1
66,48344,823,366,3,11606,0,0,married,high_school,1
30,49244,10956,795,5,812,0,0,single,high_school,1
50,44672,8838,490,4,0,0,0,single,bachelor,1
51,34004,10534,665,4,9294,0,0,married,high_school,1
58,66502,17209,820,3,4772,0,0,married,high_school,1
52,67393,14526,416,2,10813,0,0,married,high_school,1
18,8000,14445,566,4,0,0,1,married,high_school,0
38,30637,23570,784,3,0,1,1,single,high_school,0
65,42395,889,808,3,1269,1,1,single,high_school,0
23,62073,12832,597,1,0,0,0,single,bachelor,1
45,45627,7368,463,4,4448,0,0,married,bachelor,1
34,32695,23483,675,3,542,1,0,single,bachelor,0
22,57772,500,567,1,10187,0,0,married,bachelor,1
48,41196,500,848,1,2983,1,0,married,high_school,1
22,42887,14437,373,1,6053,0,0,married,high_school,1
55,44511,21010,807,2,6103,1,1,divorced,high_school,1
20,55338,18186,372,3,6365,0,0,single,master,1
40,39446,5592,607,3,4831,1,0,married,bachelor,1
54,57365,24051,498,3,8574,0,0,single,high_school,0
54,43685,2148,429,1,0,0,0,single,high_school,1
27,25794,22460,786,3,14796,0,0,single,master,1
27,44338,3206,450,2,3344,0,0,single,bachelor,0
36,26726,9185,505,1,0,1,0,married,bachelor,0
34,45738,17114,478,1,6317,0,0,married,high_school,0
38,59931,500,496,1,0,1,0,single,high_school,0
31,25675,23752,388,4,9657,0,0,single,bachelor,1
26,51557,9136,733,3,20467,1,0,married,bachelor,0
63,30077,13098,482,2,0,0,0,married,bachelor,0
18,48631,21298,508,2,7327,1,0,single,bachelor,1
68,60484,5655,792,3,0,1,0,married,bachelor,1
62,8000,20487,429,2,8177,0,0,married,bachelor,0
30,24939,25124,312,4,0,1,0,married,high_school,0
21,38358,6755,405,2,626,1,1,single,high_school,0
18,50671,22955,674,3,0,0,0,married,master,1
66,42005,500,398,5,10125,0,0,married,high_school,1
57,44174,15117,491,5,12051,0,0,married,bachelor,1
49,81774,2171,624,2,5164,1,0,married,bachelor,1
51,23176,19541,766,1,0,0,0,divorced,phd,1
45,65439,18884,666,1,16127,0,0,single,high_school,0
48,38700,28619,617,4,0,0,0,divorced,high_school,1
25,54891,23370,443,1,0,0,1,married,master,0
56,83321,10674,683,4,8209,1,0,married,bachelor,1
43,57396,3346,515,1,0,1,0,single,bachelor,1
51,51705,16525,660,5,11920,0,0,single,high_school,1
20,73784,11514,623,1,2332,0,0,married,high_school,1
67,65246,24409,314,1,9226,1,0,married,bachelor,1
29,30611,500,516,2,14811,0,0,single,master,1
18,50301,29504,791,4,0,0,0,married,master,1
61,14085,16256,846,0,1038,0,0,single,high_school,1
22,35277,5496,482,4,4470,0,0,widowed,high_school,1
47,50653,17872,569,0,15763,0,0,married,high_school,1
47,34162,22379,766,1,391,1,0,single,phd,1
34,49921,12915,818,3,838,0,0,married,bachelor,1
65,44759,500,841,1,8347,1,0,divorced,high_school,1
64,54656,9649,766,4,959,0,1,single,high_school,1
40,37364,20315,604,3,6068,0,0,married,bachelor,1
32,28077,15973,443,2,0,1,0,single,high_school,1
54,71606,10748,410,4,20500,0,1,married,master,1
38,36077,22467,531,7,0,0,1,single,bachelor,0
31,56880,17914,799,4,2748,0,0,single,high_school,1
19,70834,18531,572,4,4773,0,0,single,high_school,1
28,47928,8715,472,3,18389,1,0,single,master,0
68,29586,7941,306,3,0,0,0,married,high_school,0
56,41785,500,454,2,18886,1,0,single,high_school,1
55,63316,9925,821,2,10300,0,0,single,master,1
51,48712,19483,845,3,7920,0,0,married,bachelor,1
55,23307,10367,847,3,0,1,0,married,master,1
67,55740,15564,817,2,8998,1,0,married,high_school,1
51,58852,20890,514,3,0,0,0,divorced,high_school,1
35,38604,14983,433,3,13867,0,0,married,high_school,0
47,55984,15764,584,3,0,0,0,single,high_school,1
32,49410,1137,425,4,4208,0,0,married,bachelor,1
44,41446,9419,738,3,1113,1,0,divorced,high_school,0
68,21716,25813,451,8,0,1,0,single,bachelor,1
51,64403,12830,630,3,10189,0,0,single,high_school,0
69,58666,27174,837,2,8748,1,0,single,high_school,1
55,55510,6215,682,4,13463,0,0,single,phd,1
50,72801,13872,414,0,0,0,0,married,high_school,0
41,62013,8939,781,4,12449,0,0,married,high_school,1
32,57358,16736,583,2,22538,1,0,divorced,high_school,1
47,8000,19160,374,1,1839,1,0,married,high_school,1
59,66544,16820,465,2,18266,0,0,single,bachelor,1
68,46495,20335,488,1,3158,0,0,single,high_school,1
34,50625,11895,377,1,0,1,0,widowed,bachelor,1
22,50748,10476,320,4,2861,0,1,single,bachelor,0
46,58929,500,483,3,12337,0,0,single,bachelor,1
21,65199,17108,521,2,0,1,0,divorced,high_school,1
27,56416,13377,627,3,798,1,1,married,bachelor,1
34,53555,11457,478,3,9155,0,0,single,high_school,1
27,49167,10473,411,3,5021,0,0,married,bachelor,1
34,8000,11705,358,5,9092,0,0,widowed,bachelor,0
37,39823,10110,626,4,6665,0,0,single,high_school,1
41,28051,7776,490,1,8357,1,0,married,bachelor,0
22,66793,13917,499,2,1974,0,0,single,master,1
51,56143,15873,611,3,6622,1,0,married,bachelor,1
23,36754,5835,334,3,0,0,0,divorced,high_school,1
19,38561,8794,678,5,14019,0,0,divorced,bachelor,1
30,37908,10363,686,2,560,0,0,single,master,1
60,37587,12039,536,3,12902,1,0,single,high_school,1
60,18998,10975,818,4,3365,0,0,single,master,1
65,15097,17278,582,2,6414,0,0,married,none,0
28,45523,500,300,2,1535,0,0,single,none,0
68,64356,500,763,1,0,0,0,single,bachelor,1
64,35322,13549,529,3,0,0,0,single,bachelor,1
40,50462,7179,471,4,0,0,1,single,bachelor,0
33,58217,19074,386,6,2733,0,0,single,master,0
48,27119,21358,422,2,6483,0,0,married,high_school,1
28,44640,13870,597,5,12073,0,0,single,high_school,1
33,33003,3424,783,4,1880,0,0,single,master,1
25,73910,20437,464,7,0,0,0,married,high_school,1
21,73124,13591,682,4,0,0,0,married,bachelor,1
57,27138,500,508,3,8360,0,0,single,bachelor,1
21,51946,812,731,2,14682,1,0,single,high_school,1
42,64217,24136,688,5,13864,0,0,married,high_school,1
20,60270,22809,523,6,9970,0,0,single,bachelor,1
49,46468,500,302,2,9470,0,1,married,master,1
20,68518,1138,671,2,16883,1,0,single,bachelor,1
44,28719,21127,745,2,7325,1,0,single,bachelor,0
46,39544,11852,415,1,9523,0,0,married,bachelor,0
49,29202,17615,569,4,2755,0,0,married,high_school,1
67,59085,11504,746,5,0,0,0,divorced,high_school,1
68,34513,17236,667,5,213,1,0,single,high_school,1
36,41918,12047,552,5,4936,1,0,married,high_school,1
38,56118,8499,616,3,5425,0,0,single,high_school,1
22,57568,20470,714,5,18484,1,0,married,high_school,0
35,28672,13616,394,3,5569,1,0,married,high_school,1
45,64020,17219,323,0,13252,0,1,single,high_school,0
59,53202,13260,349,2,1954,0,1,divorced,bachelor,0
39,25529,8109,801,2,2818,0,0,married,bachelor,1
38,21101,24867,797,3,0,0,0,divorced,high_school,0
23,44715,14840,634,3,0,1,0,married,master,1
18,60302,9160,378,4,8689,0,0,single,high_school,0
22,60763,22227,326,4,5053,1,0,single,master,1
58,51411,1433,570,3,11601,1,0,single,none,1
29,45876,29890,546,2,6269,0,0,single,master,1
43,54211,10567,686,2,2533,0,0,married,none,1
63,29604,1856,660,4,20038,1,0,married,bachelor,1
51,75366,27248,787,3,4343,1,0,divorced,high_school,0
66,75131,8295,651,0,13141,1,0,single,bachelor,1
31,52719,13946,555,4,2192,0,0,married,high_school,1
43,48551,17742,521,3,9967,0,0,divorced,high_school,1
62,37594,21473,300,2,11496,0,0,married,bachelor,0
44,54517,14398,845,1,6459,1,0,single,high_school,1
26,32556,6821,745,3,0,0,0,married,master,1
43,8000,13752,378,3,5128,1,0,single,high_school,0
64,8000,8645,535,2,13613,0,0,single,bachelor,1
39,30609,13992,633,1,8692,1,0,single,bachelor,1
64,47815,25025,648,3,8121,0,0,married,high_school,1
47,50975,18047,397,5,0,0,1,married,high_school,0
60,36238,13653,381,4,0,0,0,married,bachelor,1
65,47553,17908,801,3,7880,0,0,widowed,bachelor,1
34,40064,18481,776,4,7873,0,0,single,master,1
43,27012,3377,849,6,13503,0,0,married,high_school,1
53,44033,12334,313,4,3986,0,0,married,bachelor,1
18,59633,32500,691,2,7841,0,0,single,high_school,1
25,27827,21703,646,2,5115,1,0,married,high_school,1
66,27835,7973,609,2,0,0,0,single,bachelor,1
52,25753,7174,685,2,0,0,0,married,high_school,0
69,10143,6908,508,2,8017,1,0,single,high_school,1
32,36356,18931,656,2,6218,0,0,single,high_school,1
64,57854,24861,393,2,673,1,0,married,bachelor,1
39,48130,16657,392,1,0,0,0,single,master,1
31,41953,13257,639,2,9408,0,0,single,bachelor,1
43,47323,8447,744,1,3139,0,0,single,bachelor,1
45,36198,14635,321,4,8898,0,0,single,bachelor,1
40,9938,5439,590,1,18048,0,0,married,bachelor,0
31,59107,500,784,4,0,0,0,married,high_school,0
41,64280,25095,605,2,103,0,0,married,high_school,1
19,31893,3953,427,1,3534,0,0,married,high_school,1
62,42285,9401,572,4,15184,0,0,single,high_school,0
43,40734,17251,741,4,0,0,0,single,master,1
31,51323,23476,802,4,18551,0,0,married,high_school,1
68,75418,14057,429,2,5951,0,0,married,high_school,0
24,65876,2450,431,2,4328,0,0,single,master,0
20,38216,9589,781,2,3614,0,0,single,master,1
64,54764,6572,689,2,1946,0,0,married,bachelor,1
40,67578,11694,624,2,12337,0,1,married,high_school,0
63,52350,21856,368,5,0,0,0,married,high_school,0
60,44915,500,747,1,7418,0,0,single,none,0
64,53028,8709,827,1,2311,0,0,married,high_school,1
62,32341,8128,464,5,0,0,0,single,high_school,1
35,34969,1946,787,3,23102,0,0,married,bachelor,1
55,25847,16684,725,2,7933,0,0,married,high_school,1
52,50527,680,564,4,9293,0,0,married,high_school,1
68,42635,1601,641,2,12964,0,0,single,high_school,1
32,30184,18809,577,3,0,1,0,widowed,bachelor,1
42,42045,24005,738,3,17266,1,0,married,bachelor,1
54,53460,11391,456,4,0,0,0,married,bachelor,1
45,79465,2261,721,4,0,0,0,single,high_school,1
27,63217,6356,550,2,1787,0,0,single,high_school,1
56,8000,20064,829,2,9072,1,0,divorced,high_school,1
34,49308,12932,626,1,6531,0,0,married,high_school,1
56,70728,11192,396,6,3832,1,0,married,master,0
39,20918,14504,812,4,4916,0,0,single,phd,1
43,54928,11699,515,3,0,0,0,single,bachelor,1
61,40740,24366,431,2,0,0,0,widowed,master,1
42,65705,6007,559,2,10086,0,1,married,bachelor,0
34,52277,5088,424,2,9856,0,0,single,high_school,1
30,29088,932,381,5,16091,0,0,single,phd,1
37,41385,7680,582,1,0,0,0,married,high_school,0
42,42449,3264,358,3,9850,1,0,single,bachelor,1
21,42783,13745,843,1,3014,0,0,married,high_school,0
27,65147,12168,460,1,13333,0,0,single,high_school,0
20,29833,3367,583,7,12154,0,0,married,bachelor,1
58,63055,16713,405,6,6478,1,0,single,high_school,1
62,39560,24135,404,1,2623,1,0,widowed,high_school,1
35,49023,14863,738,5,11727,0,0,single,high_school,1
64,46303,500,527,3,9528,0,0,married,high_school,0
53,44608,27897,617,2,209,0,0,single,master,0
64,44755,17975,763,3,0,0,0,married,bachelor,1
39,71232,27651,771,3,2980,0,0,widowed,high_school,1
51,60164,20726,355,4,15608,1,0,married,high_school,1
64,38471,22324,312,6,13025,0,0,married,bachelor,1
25,73490,13642,739,3,0,0,0,married,high_school,1
57,49944,9902,317,3,0,0,0,married,high_school,1
66,51437,14988,412,5,13923,1,0,divorced,high_school,1
61,29928,6330,528,0,0,0,0,widowed,master,1
36,36045,15471,470,5,8565,0,0,single,high_school,1
59,32607,500,594,2,688,0,0,widowed,high_school,1
58,46549,12343,488,1,16319,0,1,single,bachelor,0
54,56498,22757,725,4,0,1,0,single,high_school,1
23,51610,12754,378,4,13004,0,0,single,bachelor,0
69,73585,25820,481,5,6294,1,0,single,high_school,1
43,29020,9890,798,2,6765,0,0,married,high_school,0
51,47068,20021,370,2,0,0,0,married,high_school,0
62,21907,4974,547,4,0,1,0,married,high_school,1
23,28406,19696,445,4,3456,0,0,married,master,1
54,67762,13861,595,3,6728,0,0,married,master,0
50,36663,10242,769,1,0,0,0,married,high_school,1
39,30539,500,805,1,0,0,0,single,high_school,0
38,8000,9965,492,1,8930,0,0,married,high_school,0
23,30360,13708,367,1,8940,1,0,married,bachelor,1
23,41305,18630,793,4,4036,1,0,married,bachelor,1
65,20567,24488,351,3,10461,0,0,married,high_school,1
21,40270,28280,662,4,0,0,0,married,bachelor,0
47,67871,21970,773,3,2508,0,0,single,bachelor,1
28,32269,7503,820,3,16535,0,1,single,master,1
47,28019,9562,730,3,5478,0,0,married,high_school,1
48,24770,17911,597,0,5884,0,0,married,high_school,0
41,24448,16157,734,6,21142,0,1,married,high_school,0
26,54640,25027,497,4,0,0,0,single,master,1
20,45876,31835,427,1,10575,0,0,single,bachelor,1
68,62223,30137,831,6,16648,0,0,married,bachelor,1
48,81357,23952,710,1,2726,1,0,married,high_school,1
57,12053,16223,364,3,11017,0,0,married,high_school,1
54,51841,22795,540,6,0,0,0,single,high_school,0
53,24865,25292,668,3,193,0,0,single,bachelor,0
41,59200,10822,835,1,7695,0,0,married,high_school,1
48,40106,7739,683,4,10590,0,0,single,high_school,1
23,45492,5861,730,1,12847,0,0,married,bachelor,1
19,21903,4989,382,4,15987,1,1,married,high_school,0
37,37324,944,585,5,4528,0,0,single,high_school,1
45,46614,13999,833,1,13355,0,0,married,high_school,0
28,69409,4002,758,2,2604,0,0,married,bachelor,1
21,30698,5732,511,5,11315,1,1,single,bachelor,0
32,35088,17610,425,9,6452,1,0,single,master,1
23,61997,13453,712,5,8120,1,0,single,bachelor,1
66,29532,15437,798,4,7965,0,0,married,master,0
47,65563,22921,724,4,0,1,0,married,master,1
55,44836,18916,842,4,0,0,0,married,bachelor,1
68,50456,24151,457,3,5718,0,0,married,master,1
19,51615,12640,411,2,0,1,0,married,high_school,1
32,33908,24894,701,2,10818,1,0,married,high_school,1
28,52018,14878,421,7,11101,0,0,married,high_school,1
25,31097,13350,572,4,7290,0,0,single,bachelor,1
43,35962,23692,593,3,0,0,0,married,bachelor,1
68,55056,5023,697,1,14661,0,0,married,bachelor,0
62,50281,28189,770,1,19260,0,0,married,high_school,1
61,43651,9743,506,2,6030,1,0,married,high_school,1
22,22343,2255,409,2,8574,0,0,single,high_school,1
23,26835,17228,739,4,6412,1,0,married,bachelor,1
43,49981,8981,577,3,8713,1,0,single,high_school,1
21,58179,28206,781,4,4163,0,0,married,master,1
36,25026,8537,413,6,4758,1,0,married,high_school,1
37,29883,14516,776,2,11340,0,0,married,high_school,1
50,47415,595,620,5,21419,0,0,married,master,1
37,47030,18503,478,1,0,0,0,married,high_school,0
66,15769,5781,518,4,4273,0,1,single,high_school,0
29,47908,17547,827,2,0,1,0,widowed,bachelor,1
64,34229,8573,791,5,16144,1,1,married,high_school,1
18,74539,500,360,2,886,0,0,married,phd,1
43,49486,13050,353,4,0,1,0,single,bachelor,0
31,52587,12691,837,2,9467,0,0,married,high_school,1
55,53052,19049,364,6,17210,1,0,single,bachelor,1
54,23149,24448,470,2,9645,0,0,married,high_school,1
28,79990,27299,572,0,6434,0,0,single,bachelor,1
53,15788,18913,834,2,7864,0,0,married,master,0
30,59323,14229,690,3,14904,0,0,married,master,1
60,56136,581,626,2,0,0,0,single,high_school,1
20,36414,13616,407,4,4217,1,0,married,high_school,1
50,56996,13720,461,2,1831,0,0,married,high_school,1
23,39284,10411,751,2,0,1,0,single,bachelor,1
67,32842,17064,505,4,2701,1,0,married,bachelor,1
27,53452,20975,315,1,12754,0,0,single,high_school,0
22,26882,5453,626,1,8966,0,0,single,master,1
40,40963,5328,301,4,9510,1,0,single,high_school,1
27,34305,10886,309,3,6025,0,0,married,none,1
61,38952,7078,733,8,8663,0,0,single,high_school,1
19,52789,500,424,1,0,0,0,married,high_school,0
30,34301,4027,380,4,2833,0,0,married,high_school,1
57,41538,2141,784,2,6344,1,0,single,bachelor,1
19,35943,21668,449,2,6943,0,0,married,high_school,1
37,70992,25623,639,3,7241,0,0,single,high_school,0
18,51167,3237,428,4,4032,0,0,married,bachelor,1
54,48961,16369,737,3,2358,1,1,single,high_school,0
26,57302,18988,800,4,27104,1,0,single,bachelor,1
34,34306,500,357,5,11348,0,0,married,high_school,1
26,60467,13288,497,5,7892,0,0,divorced,bachelor,1
28,51231,32268,510,2,3368,0,0,single,master,0
32,16904,17417,344,5,1841,0,0,married,high_school,1
41,19295,10038,396,3,4084,0,0,single,bachelor,0
55,34699,7519,578,5,7050,1,0,married,master,0
52,21222,500,834,3,0,0,0,married,bachelor,1
47,40711,15764,709,6,0,0,0,single,high_school,1
48,26753,27583,760,1,542,1,0,single,high_school,0
66,43241,5492,690,1,6450,0,1,single,bachelor,0
22,70411,500,343,4,3325,0,0,single,master,1
61,44111,6686,326,3,15347,0,0,single,high_school,1
67,39547,19053,396,7,0,0,0,married,high_school,1
31,51988,8572,847,2,0,1,0,widowed,high_school,1
28,32464,5436,518,0,15641,0,0,single,high_school,0
26,60181,12153,484,2,5918,0,0,married,high_school,1
51,53914,13838,368,3,11194,0,0,married,high_school,1
29,45700,893,429,2,19359,1,0,divorced,high_school,1
52,47778,10262,633,3,143,0,1,married,high_school,0
52,81751,8022,453,3,4305,0,0,married,master,1
18,61962,6873,846,1,3093,1,0,married,high_school,1
57,84591,3864,378,4,0,0,0,single,high_school,1
39,54577,19530,712,4,2827,1,0,single,high_school,1
46,18510,6845,845,4,11167,0,0,single,master,1
25,40281,500,468,3,8784,0,1,single,bachelor,0
28,14396,14114,814,2,9334,0,0,married,bachelor,1
58,54509,17802,613,2,2371,0,0,single,high_school,0
54,58417,5632,331,2,407,0,0,married,master,1
31,29054,7523,586,0,13885,0,0,single,high_school,1
47,33199,6808,342,4,1519,0,0,divorced,high_school,1
52,47678,9227,300,2,7059,0,1,married,bachelor,0
38,23434,20855,569,4,6143,0,0,single,master,1
54,22083,11088,479,2,15232,1,0,single,bachelor,1
22,67295,18717,817,7,11800,0,0,married,master,1
36,47065,4249,402,5,0,1,0,single,master,1
31,34954,8930,309,3,0,0,0,single,high_school,1
43,14542,19632,389,1,9052,0,0,single,high_school,0
21,60342,5555,525,4,4550,0,0,divorced,none,1
42,32679,20097,425,1,1814,1,0,married,master,1
62,78492,6973,508,2,12109,1,0,married,high_school,1
59,60468,9427,396,2,6312,0,0,married,master,1
42,30453,25361,373,4,5367,1,0,divorced,high_school,1
35,32122,8513,490,5,10459,0,0,divorced,high_school,0
57,75993,13163,355,2,2374,0,0,divorced,high_school,0
25,43483,16931,331,2,15980,1,0,single,high_school,1
56,35760,13812,826,2,0,1,0,single,master,1
57,45499,14040,583,3,9599,1,0,married,high_school,1
31,35678,11548,793,4,15037,0,0,married,high_school,0
49,49339,1582,486,1,0,0,0,single,high_school,0
68,43635,14786,797,4,2597,0,0,single,high_school,1
55,60759,6140,741,5,12995,0,0,married,high_school,1
50,38006,18206,429,1,13101,1,0,married,high_school,0
40,29073,22976,591,2,3800,0,0,single,master,0
32,38718,500,413,3,0,0,0,married,high_school,1
50,38608,22990,498,1,11692,0,0,married,high_school,0
42,43604,8712,312,3,13285,0,0,married,bachelor,1
34,56422,10952,570,4,0,0,0,single,high_school,1
50,55438,4701,514,4,0,0,0,single,high_school,1
64,66594,13508,743,3,6577,1,0,single,bachelor,1
19,30393,12535,811,5,9406,0,0,married,high_school,1
31,51997,20615,746,1,2907,1,0,married,bachelor,1
57,58092,6069,373,4,9755,0,0,single,bachelor,1
57,32864,25286,836,2,29,0,0,widowed,bachelor,1
68,41263,17318,400,1,0,0,0,single,master,1
56,13500,12728,475,4,2033,1,0,single,high_school,1
68,61323,10554,726,3,5443,0,0,married,high_school,0
23,41121,9547,416,2,3069,0,0,married,high_school,1
23,59518,10069,465,2,0,0,0,single,high_school,0
20,48709,13347,340,1,0,0,0,married,bachelor,1
24,41667,10328,728,2,1401,1,0,married,bachelor,1
68,16330,6876,643,4,11284,1,0,married,bachelor,1
25,19531,13396,723,4,13793,0,0,married,bachelor,1
59,8000,5310,665,6,13314,0,0,single,high_school,1
69,34873,14580,419,1,0,1,0,married,bachelor,1
32,86008,10215,528,4,0,0,0,married,bachelor,1
64,21817,17574,429,0,8476,0,0,single,bachelor,0
46,8000,19913,651,2,9446,0,0,single,high_school,0
